filename,latitude,longitude,comment
IMG_3038.jpg,37.87306111111111,138.967925,IMG_3038.jpg
IMG_3039.jpg,37.87302777777778,138.96794166666666,IMG_3039.jpg
IMG_3040.jpg,37.87303611111111,138.96794166666666,IMG_3040.jpg
IMG_3041.jpg,37.87323055555556,138.96823055555555,IMG_3041.jpg
IMG_3042.jpg,37.87381111111111,138.9679111111111,IMG_3042.jpg
IMG_3043.jpg,37.87381111111111,138.9679111111111,IMG_3043.jpg
IMG_3046.jpg,37.874225,138.9682,IMG_3046.jpg
IMG_3047.jpg,37.874069444444444,138.96829166666666,IMG_3047.jpg
IMG_3048.jpg,37.87439444444445,138.9682,IMG_3048.jpg
IMG_3049.jpg,37.87441388888889,138.96821666666668,IMG_3049.jpg
IMG_3050.jpg,37.873244444444445,138.96789444444445,IMG_3050.jpg
IMG_3051.jpg,37.873241666666665,138.96788055555555,IMG_3051.jpg
IMG_3052.jpg,37.878372222222225,138.9771111111111,IMG_3052.jpg
IMG_3053.jpg,37.87836388888889,138.9771111111111,IMG_3053.jpg
IMG_3054.jpg,37.878230555555554,138.97695833333333,IMG_3054.jpg
IMG_3055.jpg,37.87779722222222,138.97659166666668,IMG_3055.jpg
IMG_3056.jpg,37.877383333333334,138.97735555555556,IMG_3056.jpg
IMG_3057.jpg,37.877383333333334,138.97734166666666,IMG_3057.jpg
IMG_3058.jpg,37.87767777777778,138.97769166666666,IMG_3058.jpg
IMG_3059.jpg,37.877944444444445,138.97747777777778,IMG_3059.jpg
IMG_3060.jpg,37.87800555555555,138.97744722222222,IMG_3060.jpg
IMG_3061.jpg,37.87893611111111,138.97705,IMG_3061.jpg
IMG_3062.jpg,37.878702777777775,138.97740277777777,IMG_3062.jpg
IMG_3063.jpg,37.883625,138.98297222222223,IMG_3063.jpg
IMG_3064.jpg,37.88361388888889,138.98297222222223,IMG_3064.jpg
IMG_3065.jpg,37.883580555555554,138.9837638888889,IMG_3065.jpg
IMG_3066.jpg,37.883580555555554,138.9837638888889,IMG_3066.jpg
IMG_3067.jpg,37.88344166666666,138.98371944444443,IMG_3067.jpg
IMG_3068.jpg,37.88339722222222,138.98359722222222,IMG_3068.jpg
IMG_3069.jpg,37.88339166666667,138.98359722222222,IMG_3069.jpg
IMG_3070.jpg,37.908522222222224,139.02485555555558,IMG_3070.jpg
IMG_3071.jpg,37.90859722222222,139.02481111111112,IMG_3071.jpg
IMG_3072.jpg,37.90866111111111,139.02473333333336,IMG_3072.jpg
IMG_3073.jpg,37.90776111111111,139.02514722222224,IMG_3073.jpg
IMG_3074.jpg,37.90775555555555,139.02514722222224,IMG_3074.jpg
IMG_7718.jpg,37.464846666666666,138.83562166666667,IMG_7718.JPG
IMG_7719.jpg,37.47978166666667,138.866445,IMG_7719.JPG
IMG_7720.jpg,37.48050166666667,138.86675833333334,IMG_7720.JPG
IMG_7721.jpg,37.480825,138.86693,IMG_7721.JPG
IMG_7722.jpg,37.480825,138.86693,IMG_7722.JPG
IMG_7723.jpg,37.48086,138.86691666666667,IMG_7723.JPG
IMG_7724.jpg,37.48086,138.86691666666667,IMG_7724.JPG
IMG_7725.jpg,37.480893333333334,138.86689666666666,IMG_7725.JPG
IMG_7726.jpg,37.48196166666666,138.867335,IMG_7726.JPG
IMG_7727.jpg,37.48383166666667,138.86812666666665,IMG_7727.JPG
IMG_7728.jpg,37.48383166666667,138.86812666666665,IMG_7728.JPG
IMG_7729.jpg,37.48383166666667,138.86812666666665,IMG_7729.JPG
IMG_7730.jpg,37.48383166666667,138.86812666666665,IMG_7730.JPG
IMG_7731.jpg,37.48383166666667,138.86812666666665,IMG_7731.JPG
IMG_7732.jpg,37.48537666666667,138.86871333333335,IMG_7732.JPG
IMG_7733.jpg,37.48537666666667,138.86871333333335,IMG_7733.JPG
IMG_7734.jpg,37.48537666666667,138.86871333333335,IMG_7734.JPG
IMG_7735.jpg,37.485135,138.86862666666667,IMG_7735.JPG
IMG_7736.jpg,37.485731666666666,138.86883833333334,IMG_7736.JPG
IMG_7737.jpg,37.485731666666666,138.86883833333334,IMG_7737.JPG
IMG_7738.jpg,37.49113333333333,138.87106833333334,IMG_7738.JPG
IMG_7739.jpg,37.49169,138.87124833333334,IMG_7739.JPG
IMG_7740.jpg,37.49325,138.87183666666667,IMG_7740.JPG
IMG_7741.jpg,37.49325,138.87183666666667,IMG_7741.JPG
IMG_7742.jpg,37.494386666666664,138.87223,IMG_7742.JPG
IMG_7743.jpg,37.494816666666665,138.87133,IMG_7743.JPG
IMG_7744.jpg,37.4998,138.87460833333333,IMG_7744.JPG
IMG_7745.jpg,37.4998,138.87460833333333,IMG_7745.JPG
IMG_7746.jpg,37.50615166666667,138.876135,IMG_7746.JPG
IMG_7747.jpg,37.50635666666667,138.87713166666666,IMG_7747.JPG
IMG_7748.jpg,37.50635666666667,138.87713166666666,IMG_7748.JPG
IMG_7749.jpg,37.507146666666664,138.877485,IMG_7749.JPG
IMG_7750.jpg,37.507146666666664,138.877485,IMG_7750.JPG
IMG_7751.jpg,37.507146666666664,138.877485,IMG_7751.JPG
IMG_7752.jpg,37.511675,138.87933833333332,IMG_7752.JPG
IMG_7753.jpg,37.511675,138.87933833333332,IMG_7753.JPG
IMG_7754.jpg,37.51497,138.88059833333332,IMG_7754.JPG
IMG_7755.jpg,37.518368333333335,138.88195666666667,IMG_7755.JPG
IMG_7756.jpg,37.523336666666665,138.87664,IMG_7756.JPG
IMG_7757.jpg,37.5421,138.89161666666666,IMG_7757.JPG
IMG_7758.jpg,37.5421,138.89161666666666,IMG_7758.JPG
IMG_7759.jpg,37.550266666666666,138.89506,IMG_7759.JPG
IMG_7760.jpg,37.550266666666666,138.89506,IMG_7760.JPG
IMG_7761.jpg,37.55132,138.89555666666666,IMG_7761.JPG
IMG_7762.jpg,37.55132,138.89555666666666,IMG_7762.JPG
IMG_7763.jpg,37.551341666666666,138.89567833333334,IMG_7763.JPG
IMG_7764.jpg,37.551341666666666,138.89567833333334,IMG_7764.JPG
IMG_7765.jpg,37.55482666666666,138.89704333333333,IMG_7765.JPG
IMG_7766.jpg,37.556045,138.89759666666666,IMG_7766.JPG
IMG_7767.jpg,37.556045,138.89759666666666,IMG_7767.JPG
IMG_7768.jpg,37.557285,138.89811833333334,IMG_7768.JPG
IMG_7769.jpg,37.557285,138.89811833333334,IMG_7769.JPG
IMG_7770.jpg,37.558695,138.89881,IMG_7770.JPG
IMG_7771.jpg,37.558695,138.89881,IMG_7771.JPG
IMG_7772.jpg,37.558695,138.89881,IMG_7772.JPG
IMG_7773.jpg,37.558925,138.89884666666666,IMG_7773.JPG
IMG_7774.jpg,37.56087,138.89964666666665,IMG_7774.JPG
IMG_7775.jpg,37.56087,138.89964666666665,IMG_7775.JPG
IMG_7776.jpg,37.56219166666666,138.900145,IMG_7776.JPG
IMG_7777.jpg,37.563338333333334,138.90071,IMG_7777.JPG
IMG_7778.jpg,37.563338333333334,138.90071,IMG_7778.JPG
IMG_7779.jpg,37.565065,138.90146166666668,IMG_7779.JPG
IMG_7780.jpg,37.565065,138.90146166666668,IMG_7780.JPG
IMG_7781.jpg,37.565065,138.90146166666668,IMG_7781.JPG
IMG_7782.jpg,37.56612666666667,138.901875,IMG_7782.JPG
IMG_7783.jpg,37.56612666666667,138.901875,IMG_7783.JPG
IMG_7784.jpg,37.56612666666667,138.901875,IMG_7784.JPG
IMG_7785.jpg,37.56764666666667,138.90259166666667,IMG_7785.JPG
IMG_7786.jpg,37.56764666666667,138.90259166666667,IMG_7786.JPG
IMG_7787.jpg,37.56764666666667,138.90259166666667,IMG_7787.JPG
IMG_7788.jpg,37.56764666666667,138.90259166666667,IMG_7788.JPG
IMG_7789.jpg,37.57160666666667,138.90423666666666,IMG_7789.JPG
IMG_7790.jpg,37.57160666666667,138.90423666666666,IMG_7790.JPG
IMG_7791.jpg,37.57160666666667,138.90423666666666,IMG_7791.JPG
IMG_7792.jpg,37.572415,138.90481833333334,IMG_7792.JPG
IMG_7793.jpg,37.572415,138.90481833333334,IMG_7793.JPG
IMG_7794.jpg,37.576101666666666,138.90643,IMG_7794.JPG
IMG_7795.jpg,37.576101666666666,138.90643,IMG_7795.JPG
IMG_7796.jpg,37.58826333333333,138.91163833333334,IMG_7796.JPG
IMG_7797.jpg,37.5987,138.91601666666668,IMG_7797.JPG
IMG_7798.jpg,37.5987,138.91601666666668,IMG_7798.JPG
IMG_7799.jpg,37.60878,138.92036166666668,IMG_7799.JPG
IMG_7800.jpg,37.61217166666667,138.92178,IMG_7800.JPG
IMG_7801.jpg,37.61217166666667,138.92178,IMG_7801.JPG
IMG_7802.jpg,37.61217166666667,138.92178,IMG_7802.JPG
IMG_7803.jpg,37.61807833333334,138.92429666666666,IMG_7803.JPG
IMG_7804.jpg,37.62143,138.92566,IMG_7804.JPG
IMG_7805.jpg,37.626645,138.92802833333334,IMG_7805.JPG
IMG_7806.jpg,37.639813333333336,138.93488,IMG_7806.JPG
IMG_7807.jpg,37.64197,138.93594333333334,IMG_7807.JPG
IMG_7808.jpg,37.647043333333336,138.93888166666667,IMG_7808.JPG
IMG_7809.jpg,37.67357666666667,138.951985,IMG_7809.JPG
IMG_7810.jpg,37.67357666666667,138.951985,IMG_7810.JPG
IMG_7811.jpg,37.67717833333333,138.95377833333333,IMG_7811.JPG
IMG_7812.jpg,37.680625,138.95556,IMG_7812.JPG
IMG_7813.jpg,37.68810833333333,138.95931166666668,IMG_7813.JPG
IMG_7814.jpg,37.69451166666666,138.96234,IMG_7814.JPG
IMG_7815.jpg,37.69451166666666,138.96234,IMG_7815.JPG
IMG_7816.jpg,37.711483333333334,138.970715,IMG_7816.JPG
IMG_7817.jpg,37.71550666666667,138.97232833333334,IMG_7817.JPG
IMG_7818.jpg,37.722865,138.97454166666665,IMG_7818.JPG
IMG_7819.jpg,37.72717,138.97548,IMG_7819.JPG
IMG_7820.jpg,37.74297333333333,138.978335,IMG_7820.JPG
IMG_7821.jpg,37.7661,138.98255666666665,IMG_7821.JPG
IMG_7822.jpg,37.767365,138.98270166666666,IMG_7822.JPG
IMG_7823.jpg,37.81625666666667,138.99258666666665,IMG_7823.JPG
IMG_7824.jpg,37.820593333333335,138.99426666666668,IMG_7824.JPG
IMG_7825.jpg,37.856575,139.00909166666668,IMG_7825.JPG
IMG_7826.jpg,37.85586333333333,139.00906833333335,IMG_7826.JPG
IMG_7827.jpg,37.85586333333333,139.00906833333335,IMG_7827.JPG
IMG_7828.jpg,37.856271666666665,139.009095,IMG_7828.JPG
IMG_7829.jpg,37.856271666666665,139.009095,IMG_7829.JPG
IMG_7830.jpg,37.856271666666665,139.009095,IMG_7830.JPG
IMG_7831.jpg,37.856271666666665,139.009095,IMG_7831.JPG
IMG_7832.jpg,37.86541166666667,139.012815,IMG_7832.JPG
IMG_7833.jpg,37.86541166666667,139.012815,IMG_7833.JPG
IMG_7834.jpg,37.865503333333336,139.01270333333332,IMG_7834.JPG
IMG_7835.jpg,37.865503333333336,139.01270333333332,IMG_7835.JPG
IMG_7836.jpg,37.865206666666666,139.01264666666665,IMG_7836.JPG
IMG_7837.jpg,37.865206666666666,139.01264666666665,IMG_7837.JPG
IMG_7838.jpg,37.865335,139.01265333333333,IMG_7838.JPG
IMG_7839.jpg,37.865335,139.01265333333333,IMG_7839.JPG
IMG_7840.jpg,37.86549333333333,139.01278666666667,IMG_7840.JPG
IMG_7841.jpg,37.86539333333333,139.01292833333332,IMG_7841.JPG
IMG_7842.jpg,37.86539333333333,139.01292833333332,IMG_7842.JPG
IMG_7843.jpg,37.86539333333333,139.01292833333332,IMG_7843.JPG
IMG_7844.jpg,37.86550166666667,139.01304666666667,IMG_7844.JPG
IMG_7845.jpg,37.86550166666667,139.01304666666667,IMG_7845.JPG
IMG_7846.jpg,37.86550166666667,139.01304666666667,IMG_7846.JPG
IMG_7847.jpg,37.86562333333333,139.01314166666666,IMG_7847.JPG
IMG_7848.jpg,37.86562333333333,139.01314166666666,IMG_7848.JPG
IMG_7849.jpg,37.86562333333333,139.01314166666666,IMG_7849.JPG
IMG_7850.jpg,37.86546666666667,139.01283833333332,IMG_7850.JPG
IMG_7851.jpg,37.863965,139.01222333333334,IMG_7851.JPG
IMG_7852.jpg,37.863965,139.01222333333334,IMG_7852.JPG
IMG_7853.jpg,37.86586333333333,139.013025,IMG_7853.JPG
IMG_7854.jpg,37.86586333333333,139.013025,IMG_7854.JPG
IMG_7855.jpg,37.86555,139.0131,IMG_7855.JPG
IMG_7856.jpg,37.8644,139.01268,IMG_7856.JPG
IMG_7857.jpg,37.8644,139.01268,IMG_7857.JPG
IMG_7858.jpg,37.863688333333336,139.01274333333333,IMG_7858.JPG
IMG_7859.jpg,37.86378333333333,139.01368333333335,IMG_7859.JPG
IMG_7860.jpg,37.86378333333333,139.01368333333335,IMG_7860.JPG
IMG_7861.jpg,37.86437333333333,139.01473666666666,IMG_7861.JPG
IMG_7862.jpg,37.864018333333334,139.01368,IMG_7862.JPG
IMG_7863.jpg,37.864018333333334,139.01368,IMG_7863.JPG
IMG_7864.jpg,37.863685,139.01262666666668,IMG_7864.JPG
IMG_7865.jpg,37.863685,139.01262666666668,IMG_7865.JPG
IMG_7866.jpg,37.86605333333333,139.01303166666668,IMG_7866.JPG
IMG_7867.jpg,37.86605333333333,139.01303166666668,IMG_7867.JPG
IMG_7868.jpg,37.88144666666667,139.01258333333334,IMG_7868.JPG
IMG_7869.jpg,37.881275,139.011735,IMG_7869.JPG
IMG_7870.jpg,37.88124666666667,139.01171,IMG_7870.JPG
IMG_7871.jpg,37.88124666666667,139.01171,IMG_7871.JPG
IMG_7872.jpg,37.88124666666667,139.01171,IMG_7872.JPG
IMG_7873.jpg,37.88124666666667,139.01171,IMG_7873.JPG
IMG_7874.jpg,37.88124666666667,139.01171,IMG_7874.JPG
IMG_7875.jpg,37.88124666666667,139.01171,IMG_7875.JPG
IMG_7876.jpg,37.88124666666667,139.01171,IMG_7876.JPG
IMG_7877.jpg,37.88124666666667,139.01171,IMG_7877.JPG
IMG_7878.jpg,37.88095666666667,139.01087333333334,IMG_7878.JPG
IMG_7879.jpg,37.88095666666667,139.01087333333334,IMG_7879.JPG
IMG_7880.jpg,37.88095666666667,139.01087333333334,IMG_7880.JPG
IMG_7881.jpg,37.88095666666667,139.01087333333334,IMG_7881.JPG
IMG_7882.jpg,37.88095666666667,139.01087333333334,IMG_7882.JPG
IMG_7883.jpg,37.88095666666667,139.01087333333334,IMG_7883.JPG
IMG_7884.jpg,37.87408,138.99314,IMG_7884.JPG
IMG_7885.jpg,37.863825,138.98127833333334,IMG_7885.JPG
IMG_7886.jpg,37.863825,138.98127833333334,IMG_7886.JPG
IMG_7887.jpg,37.863825,138.98127833333334,IMG_7887.JPG
IMG_7888.jpg,37.86329333333333,138.98153333333335,IMG_7888.JPG
IMG_7889.jpg,37.86329333333333,138.98153333333335,IMG_7889.JPG
IMG_7890.jpg,37.86329333333333,138.98153333333335,IMG_7890.JPG
IMG_7891.jpg,37.86319833333334,138.98188666666667,IMG_7891.JPG
IMG_7892.jpg,37.86319833333334,138.98188666666667,IMG_7892.JPG
IMG_7893.jpg,37.86335,138.98232333333334,IMG_7893.JPG
IMG_7894.jpg,37.863231666666664,138.98197666666667,IMG_7894.JPG
IMG_7895.jpg,37.86377,138.981535,IMG_7895.JPG
IMG_7896.jpg,37.86377,138.981535,IMG_7896.JPG
IMG_7897.jpg,37.863906666666665,138.98215666666667,IMG_7897.JPG
IMG_7898.jpg,37.863971666666664,138.98239833333332,IMG_7898.JPG
IMG_7899.jpg,37.863971666666664,138.98239833333332,IMG_7899.JPG
IMG_7900.jpg,37.863971666666664,138.98239833333332,IMG_7900.JPG
IMG_7901.jpg,37.863778333333336,138.98153333333335,IMG_7901.JPG
IMG_7902.jpg,37.863778333333336,138.98153333333335,IMG_7902.JPG
IMG_7903.jpg,37.863798333333335,138.98151333333334,IMG_7903.JPG
IMG_7904.jpg,37.863933333333335,138.98129166666666,IMG_7904.JPG
IMG_3253.jpg,37.88129166666667,139.01175,IMG_3253.jpg
IMG_3254.jpg,37.88126666666667,139.01171944444445,IMG_3254.jpg
IMG_3255.jpg,37.881277777777775,139.01171944444445,IMG_3255.jpg
IMG_3256.jpg,37.88129166666667,139.01178055555556,IMG_3256.jpg
IMG_3257.jpg,37.88120555555555,139.0116888888889,IMG_3257.jpg
IMG_3258.jpg,37.881141666666664,139.0116888888889,IMG_3258.jpg
IMG_3259.jpg,37.88115,139.0116888888889,IMG_3259.jpg
IMG_3260.jpg,37.88120277777778,139.01170277777777,IMG_3260.jpg
IMG_3261.jpg,37.8812,139.01170277777777,IMG_3261.jpg
IMG_3262.jpg,37.881225,139.01170277777777,IMG_3262.jpg
IMG_3263.jpg,37.88121666666667,139.01171944444445,IMG_3263.jpg
IMG_3264.jpg,37.8838,138.9832,IMG_3264.jpg
IMG_3265.jpg,37.883830555555555,138.98323055555556,IMG_3265.jpg
IMG_3266.jpg,37.88383611111111,138.98324722222222,IMG_3266.jpg
IMG_3267.jpg,37.8786,138.9772638888889,IMG_3267.jpg
IMG_3268.jpg,37.878616666666666,138.97734166666666,IMG_3268.jpg
IMG_3269.jpg,37.87864722222222,138.97734166666666,IMG_3269.jpg
IMG_3270.jpg,37.87864166666667,138.97734166666666,IMG_3270.jpg
IMG_3271.jpg,37.87864166666667,138.977325,IMG_3271.jpg
IMG_3272.jpg,37.87864722222222,138.97734166666666,IMG_3272.jpg
IMG_3273.jpg,37.8787,138.97723333333334,IMG_3273.jpg
IMG_3274.jpg,37.87860833333333,138.977325,IMG_3274.jpg
IMG_3282.jpg,37.880877777777776,139.0109111111111,IMG_3282.jpg
IMG_3283.jpg,37.88096111111111,139.01089444444443,IMG_3283.jpg
IMG_3284.jpg,37.88233888888889,139.00936944444445,IMG_3284.jpg
IMG_3285.jpg,37.88233611111111,139.00936944444445,IMG_3285.jpg
IMG_3286.jpg,37.88234444444444,139.00935277777776,IMG_3286.jpg
IMG_3287.jpg,37.882275,139.00936944444445,IMG_3287.jpg
IMG_3288.jpg,37.88124166666667,139.00913888888888,IMG_3288.jpg
IMG_3289.jpg,37.88124444444445,139.00913888888888,IMG_3289.jpg
IMG_3290.jpg,37.8667,139.01228333333333,IMG_3290.jpg
IMG_3291.jpg,37.86703611111111,139.01191666666668,IMG_3291.jpg
IMG_3292.jpg,37.86708888888889,139.01184166666667,IMG_3292.jpg
IMG_3293.jpg,37.866705555555555,139.01226944444446,IMG_3293.jpg
IMG_3294.jpg,37.866702777777775,139.01228333333333,IMG_3294.jpg
IMG_3295.jpg,37.86671111111111,139.01229722222223,IMG_3295.jpg
IMG_3296.jpg,37.86647777777778,139.01219166666667,IMG_3296.jpg
IMG_3297.jpg,37.86647777777778,139.01219166666667,IMG_3297.jpg
IMG_3298.jpg,37.866475,139.01219166666667,IMG_3298.jpg
IMG_3299.jpg,37.866475,139.01219166666667,IMG_3299.jpg
IMG_3300.jpg,37.866458333333334,139.01217777777777,IMG_3300.jpg
IMG_3301.jpg,37.86646666666667,139.01219166666667,IMG_3301.jpg
IMG_3302.jpg,37.85706388888889,139.01318333333333,IMG_3302.jpg
IMG_3303.jpg,37.85706388888889,139.01318333333333,IMG_3303.jpg
IMG_3304.jpg,37.857147222222224,139.0139,IMG_3304.jpg
IMG_3305.jpg,37.86070277777778,139.01338333333334,IMG_3305.jpg
IMG_3306.jpg,37.860711111111115,139.01338333333334,IMG_3306.jpg
IMG_3307.jpg,37.860955555555556,139.01330555555555,IMG_3307.jpg
IMG_3308.jpg,37.04292777777778,137.86242777777778,IMG_3308.jpg
IMG_3309.jpg,37.042922222222224,137.86242777777778,IMG_3309.jpg
IMG_3323.jpg,37.838519444444444,138.94485555555556,IMG_3323.jpg
IMG_3324.jpg,37.83878333333334,138.9458,IMG_3324.jpg
IMG_3325.jpg,37.83849722222222,138.94567777777777,IMG_3325.jpg
IMG_3326.jpg,37.838075,138.9458,IMG_3326.jpg
IMG_3327.jpg,37.838077777777784,138.9458,IMG_3327.jpg
IMG_3328.jpg,37.838075,138.94578611111112,IMG_3328.jpg
IMG_3329.jpg,37.838075,138.94578611111112,IMG_3329.jpg
IMG_3330.jpg,37.82904166666667,138.93218888888887,IMG_3330.jpg
IMG_3331.jpg,37.82904166666667,138.93218888888887,IMG_3331.jpg
IMG_3332.jpg,37.82907222222222,138.93241944444443,IMG_3332.jpg
IMG_3333.jpg,37.82907222222222,138.93240277777778,IMG_3333.jpg
IMG_3334.jpg,37.82907222222222,138.93240277777778,IMG_3334.jpg
IMG_3335.jpg,37.82744166666667,138.93193055555554,IMG_3335.jpg
IMG_3336.jpg,37.827447222222226,138.93194444444444,IMG_3336.jpg
IMG_3337.jpg,37.827447222222226,138.93194444444444,IMG_3337.jpg
IMG_3338.jpg,37.826286111111116,138.93214444444445,IMG_3338.jpg
IMG_3339.jpg,37.826286111111116,138.93214444444445,IMG_3339.jpg
IMG_3340.jpg,37.826397222222226,138.93205277777776,IMG_3340.jpg
IMG_3341.jpg,37.82640000000001,138.93205277777776,IMG_3341.jpg
IMG_3342.jpg,37.82514444444445,138.93281666666667,IMG_3342.jpg
IMG_3343.jpg,37.82515,138.93281666666667,IMG_3343.jpg
IMG_3344.jpg,37.82513055555556,138.93281666666667,IMG_3344.jpg
IMG_3345.jpg,37.824061111111114,138.93283055555554,IMG_3345.jpg
IMG_3346.jpg,37.82341666666667,138.93366944444446,IMG_3346.jpg
IMG_3347.jpg,37.82341666666667,138.93366944444446,IMG_3347.jpg
IMG_9086.jpg,37.93125277777778,139.0558611111111,IMG_9086.JPG
IMG_9087.jpg,37.93127777777777,139.05596944444446,IMG_9087.JPG
IMG_9088.jpg,37.93461666666666,139.0536638888889,IMG_9088.JPG
IMG_9089.jpg,37.93454722222222,139.05368055555556,IMG_9089.JPG
IMG_9090.jpg,37.93451666666666,139.0536027777778,IMG_9090.JPG
IMG_9091.jpg,37.934574999999995,139.05372500000001,IMG_9091.JPG
IMG_9092.jpg,37.93456388888889,139.05372500000001,IMG_9092.JPG
IMG_9093.jpg,37.94984722222222,139.09848055555557,IMG_9093.JPG
IMG_9094.jpg,37.929291666666664,139.10510277777777,IMG_9094.JPG
IMG_9095.jpg,37.929275,139.10511666666667,IMG_9095.JPG
IMG_9096.jpg,37.92918888888889,139.10560555555554,IMG_9096.JPG
IMG_9097.jpg,37.92919444444444,139.10574444444444,IMG_9097.JPG
IMG_9098.jpg,37.929252777777776,139.1058361111111,IMG_9098.JPG
IMG_9099.jpg,37.9291,139.10594166666667,IMG_9099.JPG
IMG_9100.jpg,37.92910277777778,139.10595833333332,IMG_9100.JPG
IMG_9101.jpg,37.92921388888889,139.10664444444444,IMG_9101.JPG
IMG_9102.jpg,37.929202777777775,139.1066583333333,IMG_9102.JPG
IMG_9103.jpg,37.926136111111106,139.1169138888889,IMG_9103.JPG
IMG_9104.jpg,37.92515833333333,139.11705,IMG_9104.JPG
IMG_9105.jpg,37.92517222222222,139.1170666666667,IMG_9105.JPG
IMG_9106.jpg,37.92673055555555,139.11862222222223,IMG_9106.JPG
IMG_9107.jpg,37.927505555555555,139.11894166666667,IMG_9107.JPG
IMG_9108.jpg,37.92854722222222,139.11953611111113,IMG_9108.JPG
IMG_9109.jpg,37.928549999999994,139.1196277777778,IMG_9109.JPG
IMG_9110.jpg,37.921274999999994,139.11520277777777,IMG_9110.JPG
IMG_9111.jpg,37.92123333333333,139.11505,IMG_9111.JPG
IMG_9112.jpg,37.92142222222222,139.112975,IMG_9112.JPG
IMG_9113.jpg,37.92134444444444,139.112625,IMG_9113.JPG
IMG_9114.jpg,37.92042222222222,139.11176944444443,IMG_9114.JPG
IMG_9115.jpg,37.919891666666665,139.10933055555554,IMG_9115.JPG
IMG_9116.jpg,37.908249999999995,139.02620000000002,IMG_9116.JPG
IMG_9117.jpg,37.90857222222222,139.02603055555556,IMG_9117.JPG
IMG_9118.jpg,37.908588888888886,139.02603055555556,IMG_9118.JPG
IMG_9119.jpg,37.90864166666667,139.026,IMG_9119.JPG
IMG_9120.jpg,37.90860277777777,139.0260166666667,IMG_9120.JPG
IMG_9121.jpg,37.908249999999995,139.02618333333334,IMG_9121.JPG
IMG_9122.jpg,37.908138888888885,139.02580277777778,IMG_9122.JPG
IMG_9123.jpg,37.90814722222222,139.02580277777778,IMG_9123.JPG
IMG_9124.jpg,37.90815,139.02580277777778,IMG_9124.JPG
IMG_9125.jpg,37.88892777777778,138.99520833333332,IMG_9125.JPG
IMG_9126.jpg,37.888925,138.99520833333332,IMG_9126.JPG
IMG_9127.jpg,37.88704722222222,138.9909222222222,IMG_9127.JPG
IMG_9128.jpg,37.886963888888886,138.99073888888887,IMG_9128.JPG
IMG_9129.jpg,37.88314166666667,138.9832,IMG_9129.JPG
IMG_9130.jpg,37.88314444444445,138.9832,IMG_9130.JPG
IMG_9131.jpg,37.883183333333335,138.98329166666667,IMG_9131.JPG
IMG_9132.jpg,37.883227777777776,138.9833361111111,IMG_9132.JPG
IMG_9133.jpg,37.883208333333336,138.98332222222223,IMG_9133.JPG
IMG_9134.jpg,37.88311111111111,138.98345833333332,IMG_9134.JPG
IMG_9135.jpg,37.88303333333334,138.98342777777776,IMG_9135.JPG
IMG_9136.jpg,37.883544444444446,138.9839472222222,IMG_9136.JPG
IMG_9137.jpg,37.883513888888885,138.98399444444442,IMG_9137.JPG
IMG_9138.jpg,37.883738888888885,138.98391666666666,IMG_9138.JPG
IMG_9139.jpg,37.88377777777778,138.9839333333333,IMG_9139.JPG
IMG_9140.jpg,37.88377777777778,138.9839333333333,IMG_9140.JPG
IMG_9141.jpg,37.88376111111111,138.98396388888887,IMG_9141.JPG
IMG_9142.jpg,37.88375833333333,138.98396388888887,IMG_9142.JPG
IMG_9143.jpg,37.883858333333336,138.98385555555555,IMG_9143.JPG
IMG_9144.jpg,37.88356388888889,138.98426944444444,IMG_9144.JPG
IMG_9145.jpg,37.88357222222222,138.98426944444444,IMG_9145.JPG
IMG_9146.jpg,37.88359444444444,138.98419166666665,IMG_9146.JPG
IMG_9147.jpg,37.88359444444444,138.98420833333333,IMG_9147.JPG
IMG_9148.jpg,37.88361388888889,138.9842222222222,IMG_9148.JPG
IMG_9149.jpg,37.88374722222222,138.98433055555554,IMG_9149.JPG
IMG_9150.jpg,37.883805555555554,138.98446666666666,IMG_9150.JPG
IMG_9151.jpg,37.88391111111111,138.9847111111111,IMG_9151.JPG
IMG_9152.jpg,37.88390833333333,138.98469444444444,IMG_9152.JPG
IMG_9153.jpg,37.883919444444444,138.98469444444444,IMG_9153.JPG
IMG_9154.jpg,37.88404722222222,138.98493888888888,IMG_9154.JPG
IMG_9155.jpg,37.884175,138.98516944444444,IMG_9155.JPG
IMG_9156.jpg,37.884230555555554,138.98527499999997,IMG_9156.JPG
IMG_9157.jpg,37.884227777777774,138.98527499999997,IMG_9157.JPG
IMG_9158.jpg,37.884341666666664,138.98544444444443,IMG_9158.JPG
IMG_9159.jpg,37.88458611111111,138.98591666666664,IMG_9159.JPG
IMG_9160.jpg,37.884658333333334,138.98593055555554,IMG_9160.JPG
IMG_9161.jpg,37.884658333333334,138.98593055555554,IMG_9161.JPG
IMG_9162.jpg,37.88496388888889,138.98646666666664,IMG_9162.JPG
IMG_9163.jpg,37.88506944444445,138.98667777777777,IMG_9163.JPG
IMG_9164.jpg,37.88544722222222,138.98727499999998,IMG_9164.JPG
IMG_9165.jpg,37.88554722222222,138.98753333333332,IMG_9165.JPG
IMG_9166.jpg,37.88561111111111,138.98767222222222,IMG_9166.JPG
IMG_9167.jpg,37.88605833333333,138.98852499999998,IMG_9167.JPG
IMG_9168.jpg,37.886088888888885,138.98854166666666,IMG_9168.JPG
IMG_9169.jpg,37.8861,138.98854166666666,IMG_9169.JPG
IMG_9170.jpg,37.88603333333333,138.98855555555554,IMG_9170.JPG
IMG_9171.jpg,37.88608611111111,138.98866388888888,IMG_9171.JPG
IMG_9172.jpg,37.886088888888885,138.98866388888888,IMG_9172.JPG
IMG_9173.jpg,37.88539166666666,138.98933333333332,IMG_9173.JPG
IMG_9174.jpg,37.884258333333335,138.98744166666665,IMG_9174.JPG
IMG_9175.jpg,37.884258333333335,138.9874111111111,IMG_9175.JPG
IMG_9176.jpg,37.88395,138.98661666666666,IMG_9176.JPG
IMG_9177.jpg,37.883963888888886,138.98661666666666,IMG_9177.JPG
IMG_9178.jpg,37.88410277777778,138.98574722222222,IMG_9178.JPG
IMG_9179.jpg,37.88409722222222,138.98573333333331,IMG_9179.JPG
IMG_9180.jpg,37.88409722222222,138.98571666666666,IMG_9180.JPG
IMG_9181.jpg,37.88398333333333,138.98556388888886,IMG_9181.JPG
IMG_9182.jpg,37.884,138.9855333333333,IMG_9182.JPG
IMG_9183.jpg,37.884005555555554,138.9855333333333,IMG_9183.JPG
IMG_9184.jpg,37.88395277777778,138.98558055555554,IMG_9184.JPG
IMG_9185.jpg,37.884433333333334,138.98492499999998,IMG_9185.JPG
IMG_9186.jpg,37.88444166666667,138.98493888888888,IMG_9186.JPG
IMG_9187.jpg,37.88460833333333,138.98515277777776,IMG_9187.JPG
IMG_9188.jpg,37.884547222222224,138.9851222222222,IMG_9188.JPG
IMG_9189.jpg,37.885013888888885,138.98481666666666,IMG_9189.JPG
IMG_9190.jpg,37.88462777777778,138.984725,IMG_9190.JPG
IMG_9191.jpg,37.883247222222224,138.98329166666667,IMG_9191.JPG
IMG_9192.jpg,37.88316666666667,138.98323055555556,IMG_9192.JPG
IMG_9193.jpg,37.882355555555556,138.9831388888889,IMG_9193.JPG
IMG_9194.jpg,37.88245833333333,138.98326111111112,IMG_9194.JPG
IMG_9195.jpg,37.87739166666667,138.97598333333335,IMG_9195.JPG
IMG_9196.jpg,37.87753611111111,138.97613611111112,IMG_9196.JPG
IMG_9197.jpg,37.877608333333335,138.97624166666668,IMG_9197.JPG
IMG_9198.jpg,37.87764722222222,138.9762888888889,IMG_9198.JPG
IMG_9199.jpg,37.87767777777778,138.97638055555555,IMG_9199.JPG
IMG_9200.jpg,37.87766666666667,138.9763638888889,IMG_9200.JPG
IMG_9201.jpg,37.87757222222222,138.97648611111111,IMG_9201.JPG
IMG_9202.jpg,37.87750277777778,138.97651666666667,IMG_9202.JPG
IMG_9203.jpg,37.877425,138.97659166666668,IMG_9203.JPG
IMG_9204.jpg,37.877433333333336,138.97660833333333,IMG_9204.JPG
IMG_9205.jpg,37.87725555555556,138.97674444444445,IMG_9205.JPG
IMG_9206.jpg,37.87716666666667,138.97680555555556,IMG_9206.JPG
IMG_9207.jpg,37.877186111111115,138.9768222222222,IMG_9207.JPG
IMG_9208.jpg,37.87717777777778,138.9768222222222,IMG_9208.JPG
IMG_9209.jpg,37.877075,138.97695833333333,IMG_9209.JPG
IMG_9210.jpg,37.87708611111111,138.97695833333333,IMG_9210.JPG
IMG_9211.jpg,37.87730277777778,138.97725,IMG_9211.JPG
IMG_9212.jpg,37.87804444444445,138.97714166666668,IMG_9212.JPG
IMG_9213.jpg,37.87818055555556,138.97705,IMG_9213.JPG
IMG_9214.jpg,37.87815,138.97712777777778,IMG_9214.JPG
IMG_9215.jpg,37.878144444444445,138.97712777777778,IMG_9215.JPG
IMG_9216.jpg,37.87815555555556,138.97709722222223,IMG_9216.JPG
IMG_9217.jpg,37.87819722222222,138.97703611111112,IMG_9217.JPG
IMG_9218.jpg,37.87872222222222,138.97737222222221,IMG_9218.JPG
IMG_9219.jpg,37.87872222222222,138.97737222222221,IMG_9219.JPG
IMG_9220.jpg,37.87872222222222,138.97737222222221,IMG_9220.JPG
IMG_9221.jpg,37.87877777777778,138.97729444444445,IMG_9221.JPG
IMG_9222.jpg,37.878838888888886,138.9771888888889,IMG_9222.JPG
IMG_9223.jpg,37.879263888888886,138.9764722222222,IMG_9223.JPG
IMG_9224.jpg,37.879275,138.97633333333334,IMG_9224.JPG
IMG_9225.jpg,37.87928888888889,138.97631944444444,IMG_9225.JPG
IMG_9226.jpg,37.879333333333335,138.97616666666667,IMG_9226.JPG
IMG_9227.jpg,37.879355555555556,138.97611944444444,IMG_9227.JPG
IMG_9228.jpg,37.879352777777775,138.97615,IMG_9228.JPG
IMG_9229.jpg,37.87935,138.97613611111112,IMG_9229.JPG
IMG_9230.jpg,37.87936388888889,138.97613611111112,IMG_9230.JPG
IMG_9231.jpg,37.87936388888889,138.976075,IMG_9231.JPG
IMG_9232.jpg,37.87938333333334,138.97608888888888,IMG_9232.JPG
IMG_9233.jpg,37.87936666666667,138.97604444444445,IMG_9233.JPG
IMG_9234.jpg,37.87940277777778,138.97592222222224,IMG_9234.JPG
IMG_9235.jpg,37.87941388888889,138.9759361111111,IMG_9235.JPG
IMG_9236.jpg,37.87940555555556,138.9759361111111,IMG_9236.JPG
IMG_9237.jpg,37.879425,138.9759361111111,IMG_9237.JPG
IMG_9238.jpg,37.87943611111111,138.9759361111111,IMG_9238.JPG
IMG_9239.jpg,37.87942777777778,138.9758,IMG_9239.JPG
IMG_9240.jpg,37.87938611111111,138.9763638888889,IMG_9240.JPG
IMG_9241.jpg,37.87934444444444,138.97602777777777,IMG_9241.JPG
IMG_9242.jpg,37.87935,138.976075,IMG_9242.JPG
IMG_9243.jpg,37.87928333333333,138.97638055555555,IMG_9243.JPG
IMG_9244.jpg,37.879275,138.97613611111112,IMG_9244.JPG
IMG_9245.jpg,37.87913888888889,138.97604444444445,IMG_9245.JPG
IMG_9246.jpg,37.87918888888889,138.97605833333333,IMG_9246.JPG
IMG_9247.jpg,37.87928888888889,138.97621111111113,IMG_9247.JPG
IMG_9248.jpg,37.87922777777778,138.97645555555556,IMG_9248.JPG
IMG_9249.jpg,37.87825277777778,138.9780888888889,IMG_9249.JPG
IMG_9250.jpg,37.87822222222222,138.9780888888889,IMG_9250.JPG
IMG_9251.jpg,37.87783888888889,138.97805833333334,IMG_9251.JPG
IMG_9252.jpg,37.87784166666667,138.97793611111112,IMG_9252.JPG
IMG_9253.jpg,37.87782777777778,138.97795,IMG_9253.JPG
IMG_9254.jpg,37.881255555555555,139.01170277777777,IMG_9254.JPG
IMG_9255.jpg,37.881236111111114,139.0116888888889,IMG_9255.JPG
IMG_9256.jpg,37.881236111111114,139.0116888888889,IMG_9256.JPG
IMG_9257.jpg,37.88120277777778,139.0116888888889,IMG_9257.JPG
IMG_9258.jpg,37.881169444444446,139.0116888888889,IMG_9258.JPG
IMG_9259.jpg,37.882216666666665,139.00990277777777,IMG_9259.JPG
IMG_9260.jpg,37.88221111111111,139.00990277777777,IMG_9260.JPG
IMG_9261.jpg,37.88220555555556,139.00998055555556,IMG_9261.JPG
IMG_9262.jpg,37.88216666666667,139.01014722222223,IMG_9262.JPG
IMG_9263.jpg,37.88208888888889,139.01034444444446,IMG_9263.JPG
IMG_9264.jpg,37.882111111111115,139.01034444444446,IMG_9264.JPG
IMG_9265.jpg,37.882041666666666,139.01045277777777,IMG_9265.JPG
IMG_9266.jpg,37.88205,139.01054444444443,IMG_9266.JPG
IMG_9267.jpg,37.88216666666667,139.010025,IMG_9267.JPG
IMG_9269.jpg,37.91336944444444,139.06004444444446,IMG_9269.JPG
IMG_9270.jpg,37.91348333333333,139.06002777777778,IMG_9270.JPG
IMG_9271.jpg,37.91350833333333,139.05999722222222,IMG_9271.JPG
IMG_9272.jpg,37.91350833333333,139.05999722222222,IMG_9272.JPG
IMG_9273.jpg,37.91322777777778,139.0613111111111,IMG_9273.JPG
IMG_9274.jpg,37.91383333333333,139.06086666666667,IMG_9274.JPG
IMG_9275.jpg,37.913977777777774,139.06086666666667,IMG_9275.JPG
IMG_9276.jpg,37.913977777777774,139.06088333333335,IMG_9276.JPG
IMG_9277.jpg,37.913125,139.06019722222223,IMG_9277.JPG
IMG_9278.jpg,37.90877777777778,139.0290361111111,IMG_9278.JPG
IMG_9279.jpg,37.90924166666667,139.028825,IMG_9279.JPG
IMG_9280.jpg,37.90968055555555,139.0286416666667,IMG_9280.JPG
IMG_9281.jpg,37.90997222222222,139.02932777777778,IMG_9281.JPG
IMG_9282.jpg,37.91010555555555,139.0300138888889,IMG_9282.JPG
IMG_9283.jpg,37.913444444444444,139.03057777777778,IMG_9283.JPG
IMG_9284.jpg,37.913063888888885,139.0300916666667,IMG_9284.JPG
IMG_9285.jpg,37.914699999999996,139.02880833333336,IMG_9285.JPG
IMG_9286.jpg,37.914719444444444,139.028825,IMG_9286.JPG
IMG_9287.jpg,37.88101666666667,139.01061944444444,IMG_9287.JPG
IMG_9288.jpg,37.88151944444444,139.01068055555555,IMG_9288.JPG
IMG_9289.jpg,37.881569444444445,139.0107111111111,IMG_9289.JPG
IMG_9290.jpg,37.88175555555556,139.0107277777778,IMG_9290.JPG
IMG_9291.jpg,37.881747222222224,139.0107277777778,IMG_9291.JPG
IMG_9292.jpg,37.882,139.0107277777778,IMG_9292.JPG
IMG_9293.jpg,37.88201111111111,139.01077222222222,IMG_9293.JPG
IMG_9294.jpg,37.882080555555554,139.01034444444446,IMG_9294.JPG
IMG_9295.jpg,37.882083333333334,139.01034444444446,IMG_9295.JPG
IMG_9296.jpg,37.88225833333333,139.0101,IMG_9296.JPG
IMG_9297.jpg,37.88234722222222,139.0094138888889,IMG_9297.JPG
IMG_9298.jpg,37.882308333333334,139.00936944444445,IMG_9298.JPG
IMG_9299.jpg,37.882286111111114,139.00936944444445,IMG_9299.JPG
IMG_9300.jpg,37.881225,139.00944444444445,IMG_9300.JPG
IMG_9301.jpg,37.88122222222222,139.0094611111111,IMG_9301.JPG
IMG_9302.jpg,37.88116111111111,139.00952222222222,IMG_9302.JPG
IMG_9303.jpg,37.881052777777775,139.0096888888889,IMG_9303.JPG
IMG_9304.jpg,37.866375,139.0125888888889,IMG_9304.JPG
IMG_9305.jpg,37.86558055555556,139.01213055555556,IMG_9305.JPG
IMG_9306.jpg,37.86555833333333,139.0122388888889,IMG_9306.JPG
IMG_9307.jpg,37.86542222222222,139.0123888888889,IMG_9307.JPG
IMG_9308.jpg,37.86546666666667,139.012375,IMG_9308.JPG
IMG_9309.jpg,37.865475,139.01229722222223,IMG_9309.JPG
IMG_9310.jpg,37.86548888888889,139.01228333333333,IMG_9310.JPG
IMG_9311.jpg,37.86553888888889,139.0122388888889,IMG_9311.JPG
IMG_9313.jpg,37.866419444444446,139.0125111111111,IMG_9313.JPG
IMG_9314.jpg,37.866991666666664,139.0119777777778,IMG_9314.JPG
IMG_9315.jpg,37.86703055555556,139.01196388888889,IMG_9315.JPG
IMG_9316.jpg,37.86719166666667,139.011825,IMG_9316.JPG
IMG_9317.jpg,37.867222222222225,139.01179444444443,IMG_9317.JPG
IMG_9318.jpg,37.867222222222225,139.011825,IMG_9318.JPG
IMG_9319.jpg,37.863286111111115,139.01265,IMG_9319.JPG
IMG_9320.jpg,37.862775,139.01281666666668,IMG_9320.JPG
IMG_9321.jpg,37.86275833333333,139.01281666666668,IMG_9321.JPG
IMG_9322.jpg,37.86166111111111,139.01315277777778,IMG_9322.JPG
IMG_9323.jpg,37.86136944444445,139.0132,IMG_9323.JPG
IMG_9324.jpg,37.860958333333336,139.01350277777777,IMG_9324.JPG
IMG_9325.jpg,37.85686388888889,139.01266388888888,IMG_9325.JPG
IMG_9326.jpg,37.85676111111111,139.01257222222222,IMG_9326.JPG
IMG_9327.jpg,37.85702222222223,139.01313888888888,IMG_9327.JPG
IMG_9328.jpg,37.85704444444445,139.01371666666665,IMG_9328.JPG
IMG_9329.jpg,37.857055555555554,139.01370277777778,IMG_9329.JPG
IMG_9330.jpg,37.857144444444444,139.01405277777778,IMG_9330.JPG
IMG_9331.jpg,37.85715555555556,139.01403888888888,IMG_9331.JPG
IMG_9332.jpg,37.85722777777778,139.01419166666668,IMG_9332.JPG
IMG_9333.jpg,37.85727222222222,139.01445,IMG_9333.JPG
IMG_9334.jpg,37.85734166666667,139.0147388888889,IMG_9334.JPG
IMG_9335.jpg,37.857327777777776,139.0147861111111,IMG_9335.JPG
IMG_9336.jpg,37.860486111111115,139.01374722222224,IMG_9336.JPG
IMG_9337.jpg,37.86088888888889,139.0137638888889,IMG_9337.JPG
IMG_9338.jpg,37.861019444444445,139.0133361111111,IMG_9338.JPG
IMG_9339.jpg,37.8609,139.01356388888888,IMG_9339.JPG
IMG_9340.jpg,37.86089722222222,139.01355,IMG_9340.JPG
IMG_9341.jpg,37.86098611111111,139.01338333333334,IMG_9341.JPG
IMG_9342.jpg,37.86088888888889,139.01336666666666,IMG_9342.JPG
IMG_9343.jpg,37.86083611111111,139.01336666666666,IMG_9343.JPG
IMG_9344.jpg,37.86083888888889,139.01335277777778,IMG_9344.JPG
IMG_9345.jpg,37.85365,139.0159138888889,IMG_9345.JPG
IMG_9346.jpg,37.85317222222223,139.01515277777779,IMG_9346.JPG
IMG_9347.jpg,37.85259166666667,139.01518333333334,IMG_9347.JPG
IMG_9348.jpg,37.84252222222222,139.0159,IMG_9348.JPG
IMG_9349.jpg,37.77911388888889,138.95922777777776,IMG_9349.JPG
IMG_9350.jpg,37.77753055555556,138.95819166666666,IMG_9350.JPG
IMG_9351.jpg,37.60562222222222,138.90980555555555,IMG_9351.JPG
IMG_9352.jpg,37.041983333333334,137.86314444444443,IMG_9352.JPG
IMG_9353.jpg,37.04194722222222,137.86308333333332,IMG_9353.JPG
IMG_9354.jpg,37.04205833333333,137.86303611111111,IMG_9354.JPG
IMG_9355.jpg,37.04228611111111,137.86277777777778,IMG_9355.JPG
IMG_9356.jpg,37.042366666666666,137.86274722222223,IMG_9356.JPG
IMG_9357.jpg,37.04233611111111,137.86264166666666,IMG_9357.JPG
IMG_9358.jpg,37.042719444444444,137.86227499999998,IMG_9358.JPG
IMG_9359.jpg,37.042744444444445,137.86227499999998,IMG_9359.JPG
IMG_9360.jpg,37.04271388888889,137.86244166666665,IMG_9360.JPG
IMG_9361.jpg,37.172352777777775,138.1074361111111,IMG_9361.JPG
IMG_9362.jpg,37.17249722222222,138.10722222222222,IMG_9362.JPG
IMG_9363.jpg,37.17245833333333,138.10720833333332,IMG_9363.JPG
IMG_9364.jpg,37.172469444444445,138.10713333333334,IMG_9364.JPG
IMG_9366.jpg,37.172469444444445,138.10688888888888,IMG_9366.JPG
IMG_9367.jpg,37.172469444444445,138.10684166666667,IMG_9367.JPG
IMG_9368.jpg,37.172475,138.10684166666667,IMG_9368.JPG
IMG_9370.jpg,37.17222222222222,138.10783333333333,IMG_9370.JPG
IMG_9371.jpg,37.17239722222222,138.10771111111112,IMG_9371.JPG
IMG_9372.jpg,37.172402777777776,138.10771111111112,IMG_9372.JPG
IMG_9373.jpg,37.17240833333333,138.10771111111112,IMG_9373.JPG
IMG_9374.jpg,37.17208888888889,138.109375,IMG_9374.JPG
IMG_9375.jpg,37.1721,138.109375,IMG_9375.JPG
IMG_9376.jpg,37.180927777777775,138.24449166666665,IMG_9376.JPG
IMG_9377.jpg,37.180816666666665,138.24430833333332,IMG_9377.JPG
IMG_9378.jpg,37.16749166666666,138.22883611111112,IMG_9378.JPG
IMG_9379.jpg,37.16722222222222,138.22961388888888,IMG_9379.JPG
IMG_9380.jpg,37.16712222222222,138.22985833333334,IMG_9380.JPG
IMG_9381.jpg,37.18346666666666,138.25195277777777,IMG_9381.JPG
IMG_9382.jpg,37.18349444444444,138.25203055555556,IMG_9382.JPG
IMG_9383.jpg,37.18348333333333,138.25206111111112,IMG_9383.JPG
IMG_9384.jpg,37.18355555555555,138.252075,IMG_9384.JPG
IMG_9385.jpg,37.18368611111111,138.25196944444446,IMG_9385.JPG
IMG_9386.jpg,37.183674999999994,138.25195277777777,IMG_9386.JPG
IMG_9387.jpg,37.18378333333333,138.25181666666666,IMG_9387.JPG
IMG_9388.jpg,37.18385277777777,138.2516777777778,IMG_9388.JPG
IMG_9389.jpg,37.18387222222222,138.25170833333334,IMG_9389.JPG
IMG_9390.jpg,37.18388611111111,138.25170833333334,IMG_9390.JPG
IMG_9391.jpg,37.18385277777777,138.25166388888888,IMG_9391.JPG
IMG_9392.jpg,37.18361944444444,138.25183055555556,IMG_9392.JPG
IMG_9393.jpg,37.183425,138.251725,IMG_9393.JPG
IMG_9394.jpg,37.18349722222222,138.25166388888888,IMG_9394.JPG
IMG_9395.jpg,37.18347222222222,138.2516777777778,IMG_9395.JPG
IMG_9396.jpg,37.18295277777778,138.25141944444445,IMG_9396.JPG
IMG_9397.jpg,37.18278055555555,138.25148055555556,IMG_9397.JPG
